{"cameraMode":{"drawMode":0,"name":"Shaded","section":"Shading Mode"},"sceneLighting":false,"audioPlay":false,"sceneViewState":{"showFog":true,"showMaterialUpdate":false,"showSkybox":false,"showFlares":true,"showImageEffects":true,"showParticleSystems":true},"in2DMode":false,"pivot":{"x":-0.5009999871253967,"y":2.071000099182129,"z":-1.221000075340271},"rotation":{"x":-0.036276865750551227,"y":0.25267550349235537,"z":-0.009476764127612114,"w":-0.9668805599212647},"size":0.11431524902582169,"orthographic":false}