{"cameraMode":{"drawMode":0,"name":"Shaded","section":"Shading Mode"},"sceneLighting":false,"audioPlay":false,"sceneViewState":{"showFog":true,"showMaterialUpdate":false,"showSkybox":false,"showFlares":true,"showImageEffects":true,"showParticleSystems":true},"in2DMode":false,"pivot":{"x":-0.5078514814376831,"y":2.21278715133667,"z":1.5721644163131714},"rotation":{"x":0.06805593520402909,"y":-0.2574061155319214,"z":0.018176721408963205,"w":0.9637333750724793},"size":0.9692128300666809,"orthographic":false}