{"cameraMode":{"drawMode":0,"name":"Shaded","section":"Shading Mode"},"sceneLighting":true,"audioPlay":false,"sceneViewState":{"showFog":true,"showMaterialUpdate":false,"showSkybox":true,"showFlares":true,"showImageEffects":true,"showParticleSystems":true},"in2DMode":false,"pivot":{"x":-6.58310604095459,"y":-5.667448043823242,"z":7.145720958709717},"rotation":{"x":0.22994764149188996,"y":-0.3162403106689453,"z":0.07930240780115128,"w":0.9169793725013733},"size":16.912078857421876,"orthographic":false}