{"cameraMode":{"drawMode":0,"name":"Shaded","section":"Shading Mode"},"sceneLighting":true,"audioPlay":false,"sceneViewState":{"showFog":true,"showMaterialUpdate":false,"showSkybox":true,"showFlares":true,"showImageEffects":true,"showParticleSystems":true},"in2DMode":false,"pivot":{"x":0.40236663818359377,"y":0.4351186752319336,"z":-0.6463489532470703},"rotation":{"x":-0.07049648463726044,"y":0.9188089370727539,"z":-0.1918158084154129,"w":-0.3376829922199249},"size":10.0,"orthographic":false}